,,,,,," 1,020,000 "," 2,000,000 ",,,,,," 800,000 ",,,," 200,000 ",,," 200,000 ",,,,,
 Rute , Omset target , Rasio target , Modal target , Margin target ,, BOP , Ongkir ,, Net margin target ,, Net margin actual ,, Benefit , Total toko , Visit ,, Benefit , Effective call ,, Benefit ,, Benefit total ,,,
 SBGS01 ," 188,840,500 ", 3.40 ," 182,631,044 "," 6,209,456 ",," 511,536 "," 287,806 ",," 5,410,114 ",," 4,115,276 ", 76.07 ," 608,530.75 ", 86 , 50 , 58.14 ," 116,279 ", 34 , 39.53 ," 79,070 ",," 803,880 ",," 14,224,668 ", 47.76 
 SBGS02 ," 140,349,500 ", 4.60 ," 134,177,342 "," 6,172,158 ",," 508,464 "," 286,077 ",," 5,377,617 ",," 4,032,576 ", 74.99 ," 599,905.22 ", 71 , 60 , 84.51 ," 169,014 ", 44 , 61.97 ," 123,944 ",," 892,863 ",,,
 SBGS03 ," 178,844,500 ", 3.90 ," 172,131,376 "," 6,713,124 ",," 551,474 "," 311,150 ",," 5,850,499 ",," 4,282,585 ", 73.20 ," 585,602.67 ", 96 , 64 , 66.67 ," 133,333 ", 55 , 57.29 ," 114,583 ",," 833,519 ",,,
 SBGS04 ," 151,944,000 ", 3.90 ," 146,240,616 "," 5,703,384 ",," 468,526 "," 264,349 ",," 4,970,509 ",," 2,026,331 ", 40.77 ," 326,136.57 ", 95 , -   , -   , -   , 13 , 13.68 ," 27,368 ",," 353,505 ",,,
 SBGS05 ," 103,115,000 ", 4.90 ," 98,298,379 "," 4,816,621 ",," 515,550 "," 223,248 ",," 4,077,823 ",," 4,817,201 ", 118.13 ," 945,053.59 ", 98 , 88 , 89.80 ," 179,592 ", 63 , 64.29 ," 128,571 ",," 1,253,217 ",,,
 SBGS06 ," 119,662,000 ", 4.10 ," 114,949,087 "," 4,712,913 ",," 504,450 "," 218,441 ",," 3,990,022 ",," 3,409,794 ", 85.46 ," 683,664.24 ", 79 , 78 , 98.73 ," 197,468 ", 52 , 65.82 ," 131,646 ",," 1,012,778 ",,,
 SBGS07 ," 117,089,500 ", 4.30 ," 112,262,224 "," 4,827,276 ",," 558,086 "," 223,742 ",," 4,045,448 ",," 3,926,013 ", 97.05 ," 776,381.31 ", 156 , 149 , 95.51 ," 191,026 ", 109 , 69.87 ," 139,744 ",," 1,107,151 ",,,
 SBGS08 ," 94,800,500 ", 4.40 ," 90,805,077 "," 3,995,423 ",," 461,914 "," 185,186 ",," 3,348,323 ",," 3,173,954 ", 94.79 ," 758,338.89 ", 121 , 120 , 99.17 ," 198,347 ", 87 , 71.90 ," 143,802 ",," 1,100,488 ",,,
 Total ," 1,094,645,500 ", 4.10 ," 1,051,495,145 "," 43,150,355 ",," 4,080,000 "," 2,000,000 ",," 37,070,355 ",," 29,783,730 ",,,,,,,,,,," 7,357,400 ",,,
,,,,,,,,,,,,,,,,,,,,,,,,,
 Rute pengirim ,,,,,,,,,,,,,,,,,,,," 800,000 ",,, Absensi ,,
 SBGP01D ,,,,,,,, yusuf ,,,,,,,,,,,,," 604,231 "," 604,231 ", 6 ,,
 SBGP01H ,,,,,,,, adit ,,,,,,,,,,,,," 604,231 "," 604,231 ", 6 ,,
 SBGP02D ,,,,,,,, bagus ,,,,,,,,,,,,," 466,420 "," 424,018 ", 5 ,,
 SBGP02H ,,,,,,,, kusnedi ,,,,,,,,,,,,," 466,420 "," 508,822 ", 6 ,,
 SBGP03D ,,,,,,,, rizal ,,,,,,,,,,,,," 815,781 "," 815,781 ", 6 ,,
 SBGP03H ,,,,,,,, afjay ,,,,,,,,,,,,," 815,781 "," 815,781 ", 6 ,,
 SBGP04D ,,,,,,,, elzan ,,,,,,,,,,,,," 768,211 "," 768,211 ", 6 ,,
 SBGP04H ,,,,,,,, nabil ,,,,,,,,,,,,," 768,211 "," 768,211 ", 6 ,,
 Total ,,,,,,,,,,,,,,,,,,,,,," 5,309,285 ",,,
,,,,,,,,,,,,,,,,,,,,,,,,,
 Gudang ,,,,,,,,,,,,,,,,,,,," 500,000 ",,,,,
 lala ,,,,,,,,,,,,,,,,,,,,," 401,719 "," 535,625 ", 6 ,,
 sopiah ,,,,,,,,,,,,,,,,,,,,," 401,719 "," 535,625 ", 6 ,,
 keysa ,,,,,,,,,,,,,,,,,,,,," 401,719 "," 535,625 ", 6 ,,
 ?? ,,,,,,,,,,,,,,,,,,,,," 401,719 ", -   , -   ,,
,,,,,,,,,,,,,,,,,,,,,," 1,606,876 ",,,
,,,,,,,,,,,,,,,,,,,,,,,,,
 Admin ,,,,,,,,,,,,,,,,,,,," 800,000 ",,,,,
 azizah ,,,,,,,,,,,,,,,,,,,,,," 642,750 ",,,
 devi ,,,,,,,,,,,,,,,,,,,,,,,,,
,,,,,,,,,,,,,,,,,,,,,,,,,
 septi ,,,,,,,,,,,,,,,,,,,,,," 642,750 ",,,
,,,,,,,,,,,,,,,,,,,,,," 1,285,501 ",,,
